数据组,性质,文件名,主题,个人任务
A,必做,input_A_utf8.txt,健康数值与单位,保留血压、剂量单位、否定/约束词和段落
B,必做,input_B_utf8sig.txt,健康教育与隐私字段,掩码手机号和邮箱，同时保留血糖数值与单位
C,必做,input_C_gb18030.txt,康复训练与全角字符,把全角数字/标点规范化，并保留日期、时间和检查术语
D,必做,input_D_utf16.txt,检查记录与否定表达,停用词处理后仍保留无、未、不伴等否定表达
E,选做,optional_E_utf8.txt,公共卫生宣教与段落,合并多余空白但保留两个段落
F,选做,optional_F_gb18030.txt,心电检查说明,将全角日期时间规范为半角，并保留动态心电图术语
G,选做,optional_G_utf8sig.txt,睡眠健康建议,只统一正文英文大小写，保留组别和SIM-G编号
H,选做,optional_H_utf16.txt,视力健康教育,使用停用词表并解释变化，同时保留“未”
I,选做,optional_I_utf8.txt,用药安全科普,规范标点但不得删除剂量单位和“不得”
J,选做,optional_J_gb18030.txt,老年健康管理,输出原始/规范化/掩码/token阶段统计和编码错误记录
