数据组,文件名,识别编码,词,词频
A,input_A_utf8.txt,utf-8,数,2
A,input_A_utf8.txt,utf-8,A,2
A,input_A_utf8.txt,utf-8,为,2
A,input_A_utf8.txt,utf-8,痛,2
A,input_A_utf8.txt,utf-8,任,1
A,input_A_utf8.txt,utf-8,务,1
A,input_A_utf8.txt,utf-8,据,1
A,input_A_utf8.txt,utf-8,健,1
A,input_A_utf8.txt,utf-8,康,1
A,input_A_utf8.txt,utf-8,值,1
B,input_B_utf8sig.txt,utf-8-sig,为,3
B,input_B_utf8sig.txt,utf-8-sig,数,2
B,input_B_utf8sig.txt,utf-8-sig,据,2
B,input_B_utf8sig.txt,utf-8-sig,B,2
B,input_B_utf8sig.txt,utf-8-sig,教,2
B,input_B_utf8sig.txt,utf-8-sig,号,2
B,input_B_utf8sig.txt,utf-8-sig,合,2
B,input_B_utf8sig.txt,utf-8-sig,成,2
B,input_B_utf8sig.txt,utf-8-sig,本,2
B,input_B_utf8sig.txt,utf-8-sig,任,1
C,input_C_gb18030.txt,gb18030,训,3
C,input_C_gb18030.txt,gb18030,练,3
C,input_C_gb18030.txt,gb18030,C,2
C,input_C_gb18030.txt,gb18030,康,2
C,input_C_gb18030.txt,gb18030,复,2
C,input_C_gb18030.txt,gb18030,成,2
C,input_C_gb18030.txt,gb18030,不,2
C,input_C_gb18030.txt,gb18030,30,2
C,input_C_gb18030.txt,gb18030,任,1
C,input_C_gb18030.txt,gb18030,务,1
D,input_D_utf16.txt,utf-16,D,2
D,input_D_utf16.txt,utf-16,检,2
D,input_D_utf16.txt,utf-16,查,2
D,input_D_utf16.txt,utf-16,记,2
D,input_D_utf16.txt,utf-16,录,2
D,input_D_utf16.txt,utf-16,电,2
D,input_D_utf16.txt,utf-16,任,1
D,input_D_utf16.txt,utf-16,务,1
D,input_D_utf16.txt,utf-16,数,1
D,input_D_utf16.txt,utf-16,据,1
E,optional_E_utf8.txt,utf-8,应,3
E,optional_E_utf8.txt,utf-8,E,2
E,optional_E_utf8.txt,utf-8,卫,2
E,optional_E_utf8.txt,utf-8,生,2
E,optional_E_utf8.txt,utf-8,教,2
E,optional_E_utf8.txt,utf-8,不,2
E,optional_E_utf8.txt,utf-8,时,2
E,optional_E_utf8.txt,utf-8,任,1
E,optional_E_utf8.txt,utf-8,务,1
E,optional_E_utf8.txt,utf-8,数,1
F,optional_F_gb18030.txt,gb18030,心,3
F,optional_F_gb18030.txt,gb18030,F,2
F,optional_F_gb18030.txt,gb18030,电,2
F,optional_F_gb18030.txt,gb18030,检,2
F,optional_F_gb18030.txt,gb18030,查,2
F,optional_F_gb18030.txt,gb18030,成,2
F,optional_F_gb18030.txt,gb18030,动,2
F,optional_F_gb18030.txt,gb18030,任,1
F,optional_F_gb18030.txt,gb18030,务,1
F,optional_F_gb18030.txt,gb18030,数,1
G,optional_G_utf8sig.txt,utf-8-sig,睡,3
G,optional_G_utf8sig.txt,utf-8-sig,G,2
G,optional_G_utf8sig.txt,utf-8-sig,眠,2
G,optional_G_utf8sig.txt,utf-8-sig,任,1
G,optional_G_utf8sig.txt,utf-8-sig,务,1
G,optional_G_utf8sig.txt,utf-8-sig,数,1
G,optional_G_utf8sig.txt,utf-8-sig,据,1
G,optional_G_utf8sig.txt,utf-8-sig,健,1
G,optional_G_utf8sig.txt,utf-8-sig,康,1
G,optional_G_utf8sig.txt,utf-8-sig,编,1
H,optional_H_utf16.txt,utf-16,H,2
H,optional_H_utf16.txt,utf-16,视,2
H,optional_H_utf16.txt,utf-16,力,2
H,optional_H_utf16.txt,utf-16,教,2
H,optional_H_utf16.txt,utf-16,学,2
H,optional_H_utf16.txt,utf-16,眼,2
H,optional_H_utf16.txt,utf-16,任,1
H,optional_H_utf16.txt,utf-16,务,1
H,optional_H_utf16.txt,utf-16,数,1
H,optional_H_utf16.txt,utf-16,据,1
I,optional_I_utf8.txt,utf-8,据,2
I,optional_I_utf8.txt,utf-8,I,2
I,optional_I_utf8.txt,utf-8,药,2
I,optional_I_utf8.txt,utf-8,科,2
I,optional_I_utf8.txt,utf-8,普,2
I,optional_I_utf8.txt,utf-8,本,2
I,optional_I_utf8.txt,utf-8,任,1
I,optional_I_utf8.txt,utf-8,务,1
I,optional_I_utf8.txt,utf-8,数,1
I,optional_I_utf8.txt,utf-8,用,1
J,optional_J_gb18030.txt,gb18030,理,3
J,optional_J_gb18030.txt,gb18030,J,2
J,optional_J_gb18030.txt,gb18030,老,2
J,optional_J_gb18030.txt,gb18030,年,2
J,optional_J_gb18030.txt,gb18030,健,2
J,optional_J_gb18030.txt,gb18030,康,2
J,optional_J_gb18030.txt,gb18030,管,2
J,optional_J_gb18030.txt,gb18030,合,2
J,optional_J_gb18030.txt,gb18030,成,2
J,optional_J_gb18030.txt,gb18030,应,2
