组,性质,编码,尝试次数,BOM,原始字符数,规范化字符数,字符数变化,掩码后字符数,token数,规范化变化说明,手机号命中,邮箱命中,停用词删除,否定词留存,保留段落,专项关注点
A,必做,UTF-8,1,无,95,94,-1,94,57,字符数改变、全角字符 5→0,0,0,与、患者,无、不伴、不得,是,数值/单位/否定词/段落
B,必做,UTF-8-SIG,1,有 BOM,112,111,-1,108,60,字符数改变、全角字符 5→0,1,1,与、患者,,否,手机号+邮箱掩码，血糖数值留存
C,必做,GB18030,3,无,96,95,-1,95,65,字符数改变、全角字符 22→0,0,0,与、患者,未,否,全角数字日期时间→半角
D,必做,UTF-16,4,无,84,83,-1,83,58,字符数改变、全角字符 5→0,0,0,与、建议、患者、进行,无、未、不伴,否,停用词后否定表达存活
E,选做,UTF-8,1,无,88,86,-2,86,65,字符数改变、全角字符 4→0,0,0,与、患者,,是,空白合并但保留两个段落
F,选做,GB18030,3,无,85,84,-1,84,58,字符数改变、全角字符 19→0,0,0,患者,未,否,全角日期时间规范化
G,选做,UTF-8-SIG,1,有 BOM,91,90,-1,90,52,字符数改变、全角字符 5→0,0,0,建议、患者,,否,仅正文统一英文大小写
H,选做,UTF-16,4,无,78,77,-1,77,59,字符数改变、全角字符 4→0,0,0,建议、患者,未,否,停用词过滤保留「未」
I,选做,UTF-8,1,无,82,81,-1,81,61,字符数改变、全角字符 4→0,0,0,患者,不得,否,剂量单位与「不得」不删
J,选做,GB18030,3,无,81,80,-1,80,63,字符数改变、全角字符 3→0,0,0,和、患者,未,否,四阶段统计+编码错误记录
