数据组,文件名,识别编码,原始字符数,规范化后字符数,掩码后字符数,token 数,原始行数,规范化后行数,保留段落,手机号命中,邮箱命中,编码失败记录,BOM说明,停用词删除数
A,input_A_utf8.txt,utf-8,95,94,94,57,5,5,是,0,0,无,无 BOM,3
B,input_B_utf8sig.txt,utf-8-sig,112,111,108,60,3,3,否,1,1,无,utf-8 可解码但首字符含 BOM，已改用 utf-8-sig 重读,2
C,input_C_gb18030.txt,gb18030,96,95,95,65,3,3,否,0,0,utf-8->UnicodeDecodeError; utf-8-sig->UnicodeDecodeError,无 BOM,2
D,input_D_utf16.txt,utf-16,84,83,83,58,3,3,否,0,0,utf-8->UnicodeDecodeError; utf-8-sig->UnicodeDecodeError; gb18030->UnicodeDecodeError,无 BOM,5
E,optional_E_utf8.txt,utf-8,88,86,86,65,5,5,是,0,0,无,无 BOM,2
F,optional_F_gb18030.txt,gb18030,85,84,84,58,3,3,否,0,0,utf-8->UnicodeDecodeError; utf-8-sig->UnicodeDecodeError,无 BOM,1
G,optional_G_utf8sig.txt,utf-8-sig,91,90,90,52,3,3,否,0,0,无,utf-8 可解码但首字符含 BOM，已改用 utf-8-sig 重读,3
H,optional_H_utf16.txt,utf-16,78,77,77,59,3,3,否,0,0,utf-8->UnicodeDecodeError; utf-8-sig->UnicodeDecodeError; gb18030->UnicodeDecodeError,无 BOM,2
I,optional_I_utf8.txt,utf-8,82,81,81,61,3,3,否,0,0,无,无 BOM,1
J,optional_J_gb18030.txt,gb18030,81,80,80,63,3,3,否,0,0,utf-8->UnicodeDecodeError; utf-8-sig->UnicodeDecodeError,无 BOM,2
